{"svg-uploads":"enabled","lastudio_kit_templates":"enabled","single_post_template":"templates\/fullwidth.php","single_page_template":"templates\/fullwidth.php","rest_route":"\/lastudio-kit-api\/v1\/plugin-settings","template-cache":"","disable_gmap_api_js":"false","mailchimp-api-key":"","mailchimp-list-id":"","mailchimp-double-opt-in":"false","insta_access_token":"","insta_business_access_token":"","insta_business_user_id":"","weather_api_key":"","portfolio_per_page":"","avaliable_widgets":{"advanced-carousel":"true","animated-box":"true","animated-text":"true","archive-description":"true","archive-title":"true","author-box":"true","banner-list":"true","banner":"true","breadcrumbs":"true","button":"true","countdown-timer":"true","google-maps":"true","hamburger-panel":"true","hotspots":"true","icon-box":"true","image-box":"true","images-layout":"true","instagram-feed":"true","login":"true","logo":"true","nav-menu":"true","portfolio-gallery":"true","portfolio-meta":"true","portfolio":"true","post-author":"true","post-comment":"true","post-content":"true","post-date":"true","post-excerpt":"true","post-featured-image":"true","post-info":"true","post-navigation":"true","post-terms":"true","post-title":"true","posts":"true","price-list":"true","pricing-table":"true","progress-bar":"true","register":"true","search":"true","slides":"true","social-share":"true","subscribe-form":"true","table-of-contents":"true","tabs":"true","team-member":"true","template":"true","testimonials":"true","timeline-horizontal":"true","timeline-vertical":"true","twitter":"true","icon-list":"true"},"avaliable_extensions":{"motion_effects":"true","floating_effects":"true","css_transform":"true","wrapper_link":"true","element_visibility":"true","custom_css":"true","portfolio_content_type":"true"},"head_code":"","custom_css":"","footer_code":"","swatches_threshold":"30","swatches_swatches_size_width":"30","swatches_swatches_size_height":"30","swatches_swatches_variation_form":"","swatches_swatches_max_item":"5","swatches_swatches_more_text":"","breadcrumbs_taxonomy_post":"category","breadcrumbs_taxonomy_e-landing-page":"","breadcrumbs_taxonomy_elementor_library":"","breadcrumbs_taxonomy_product":"","posts_per_page_manager":{"is_blog":"","is_tags":"","is_category":"","post_type__product":"","post_type__la_portfolio":"","post_type__la_album":"12","post_type__la_event":"8"},"recaptchav3":{"disable":"true","site_key":"","secret_key":""},"breadcrumbs_taxonomy_la_portfolio":"","breadcrumbs_taxonomy_la_album":"","breadcrumbs_taxonomy_la_event":"","custom_fonts":[{"title":"Termina","name":"termina","type":"custom","url":"https:\/\/use.typekit.net\/exa1bkp.css"},{"title":"Sigmund-Pro","name":"sigmund-pro","type":"custom","url":"https:\/\/use.typekit.net\/exa1bkp.css"},{"title":"Transducer","name":"transducer","type":"custom","url":"https:\/\/use.typekit.net\/exa1bkp.css"},{"title":"Utopia-Std","name":"utopia-std","type":"custom","url":"https:\/\/use.typekit.net\/exa1bkp.css"},{"title":"Portillo Bryant","name":"Portillo Bryant","type":"custom","url":"https:\/\/yorn.la-studioweb.com\/fonts\/style.css"}],"disable-gutenberg-block":""}